ID,Descripcion,Tabla,Tipo_Constraint,SQL_Implementacion,Fuente_Regla,Prioridad
RN-001,Un Pokemon tiene maximo 2 tipos (slot 1 o 2),POKEMON_TIPO,CHECK + UNIQUE,"CHECK (slot IN (1,2)); UNIQUE(pokemon_id slot)",Juego oficial — cada Pokemon tiene 1 o 2 tipos,Alta
RN-002,stat_total debe ser igual a la suma de los 6 stats base,POKEMON,CHECK,"CHECK (stat_total = hp_base + ataque_base + defensa_base + ataque_especial_base + defensa_especial_base + velocidad_base)",PokéAPI pokemon_stats.csv — validado contra datos reales,Alta
RN-003,Los IVs de captura deben estar entre 0 y 15 (inclusive),CAPTURA,CHECK,"CHECK (iv_ataque BETWEEN 0 AND 15 AND iv_defensa BETWEEN 0 AND 15 AND iv_stamina BETWEEN 0 AND 15)",Mecanica oficial de Pokemon GO — IVs van de 0 a 15,Alta
RN-005,Una captura no puede tener fecha anterior a la fecha de registro del jugador,CAPTURA,TRIGGER BEFORE INSERT,"CREATE TRIGGER trg_captura_fecha_valida BEFORE INSERT ON CAPTURA BEGIN SELECT CASE WHEN NEW.fecha_captura < (SELECT fecha_registro FROM JUGADOR WHERE jugador_id = NEW.jugador_id) THEN RAISE(ABORT, 'RN-005: fecha_captura anterior a registro del jugador') END; END",Logica de negocio — un jugador no puede capturar antes de existir,Alta
RN-006,Un jugador marcado como menor de edad no puede registrar compras en la tienda,JUGADOR,CHECK en columna + capa de aplicación,"JUGADOR.es_menor_de_edad INTEGER CHECK (es_menor_de_edad IN (0,1)) — la restricción se aplica en capa de aplicación al validar transacciones; en producción (Cloud Spanner) se implementaría como TRIGGER BEFORE INSERT en tabla COMPRA",Legal — COPPA (EE.UU.) y Ley 1581 (Colombia) protegen datos y transacciones de menores,Alta
RN-007,El CP capturado no puede exceder el MaxCP del Pokemon segun sus stats de GO,CAPTURA,TRIGGER BEFORE INSERT,"RAISE(ABORT, 'RN-007: cp_capturado excede el MaxCP del Pokemon en Pokemon GO') si cp_capturado > POKEMON_GO_STATS.max_cp",Mecanica oficial de Pokemon GO — CP tiene un maximo por especie y nivel de entrenador,Alta
RN-009,El jugador atacante y el defensor deben ser distintos en una batalla,REGISTRO_BATALLA,TRIGGER BEFORE INSERT,"RAISE(ABORT, 'RN-009: El atacante y el defensor deben ser jugadores distintos')",Lógica de negocio — una batalla requiere dos jugadores distintos,Alta
RN-010,El daño infligido en una batalla no puede ser negativo,REGISTRO_BATALLA,TRIGGER BEFORE INSERT,"RAISE(ABORT, 'RN-010: El dano_infligido no puede ser negativo')",Lógica de negocio — el daño es una cantidad no negativa,Alta
RN-011,Un jugador no puede girar la misma Poképarada más de 1 vez cada 5 minutos,VISITA_POKEPARADA,TRIGGER BEFORE INSERT,"RAISE(ABORT, 'RN-011: cooldown activo — espera 5 minutos antes de girar esta Poképarada de nuevo') si EXISTS visita en los últimos 300 segundos",Mecánica oficial de Pokémon GO — cooldown de 5 min por parada por jugador,Alta
